-- ============
-- POVOAMENTO
-- ============
-- --------------------------------------------------------
-- 1. INSTITUIÇÕES (10 registros)
-- --------------------------------------------------------
INSERT INTO INSTITUICAO (id_instituicao, codigo, nome, tipo) VALUES 
(1, 'INST-01', 'Embrapa', 'Instituto de Pesquisa'),
(2, 'INST-02', 'Cooperativa Vale do Sol', 'Cooperativa'),
(3, 'INST-03', 'Universidade Federal Agrária', 'Universidade'),
(4, 'INST-04', 'Instituto Agronômico do Norte', 'Instituto de Pesquisa'),
(5, 'INST-05', 'ONG Sementes da Vida', 'ONG'),
(6, 'INST-06', 'Cooperativa Sul-Serrana', 'Cooperativa'),
(7, 'INST-07', 'Centro de Biotecnologia', 'Laboratório Privado'),
(8, 'INST-08', 'Fundação Mata Atlântica', 'ONG'),
(9, 'INST-09', 'Universidade Estadual do Agreste', 'Universidade'),
(10, 'INST-10', 'Rede de Agroecologia', 'Associação');

-- --------------------------------------------------------
-- 2. COMUNIDADES (20 registros)
-- --------------------------------------------------------
INSERT INTO COMUNIDADE (id_comunidade, codigo, nome, localizacao, uf) VALUES 
(1, 'COM-01', 'Comunidade Quilombola Raízes', 'Serra do Mar', 'SP'),
(2, 'COM-02', 'Assoc. Agricultores Familiares', 'Vale do Paraíba', 'MG'),
(3, 'COM-03', 'Assentamento Terra Livre', 'Pontal do Paranapanema', 'SP'),
(4, 'COM-04', 'Aldeia Guarani Mbya', 'Litoral Sul', 'RJ'),
(5, 'COM-05', 'Comunidade Ribeirinha do Juruá', 'Amazonas', 'AM'),
(6, 'COM-06', 'Cooperativa de Mulheres Camponesas', 'Sertão Central', 'CE'),
(7, 'COM-07', 'Vila Rural Esperança', 'Oeste Paranaense', 'PR'),
(8, 'COM-08', 'Comunidade Kalunga', 'Chapada dos Veadeiros', 'GO'),
(9, 'COM-09', 'Assoc. Produtores de Orgânicos', 'Serra Gaúcha', 'RS'),
(10, 'COM-10', 'Comunidade Várzea Grande', 'Pantanal', 'MT'),
(11, 'COM-11', 'Assentamento Zumbi dos Palmares', 'Recôncavo Baiano', 'BA'),
(12, 'COM-12', 'Comunidade Geraizeira', 'Norte de Minas', 'MG'),
(13, 'COM-13', 'Assoc. Extrativistas do Babaçu', 'Maranhão', 'MA'),
(14, 'COM-14', 'Sítio Histórico São Francisco', 'Vale do São Francisco', 'PE'),
(15, 'COM-15', 'Comunidade Caiçara da Jureia', 'Litoral', 'SP'),
(16, 'COM-16', 'Eco-Vila Caminho Verde', 'Chapada Diamantina', 'BA'),
(17, 'COM-17', 'Colônia de Pescadores Z-10', 'Ilha do Mel', 'PR'),
(18, 'COM-18', 'Assoc. Hortifrutigranjeiros', 'Cinturão Verde', 'SP'),
(19, 'COM-19', 'Comunidade Indígena Pataxó', 'Sul da Bahia', 'BA'),
(20, 'COM-20', 'Assentamento Nova Alvorada', 'Triângulo Mineiro', 'MG');

-- --------------------------------------------------------
-- 3. ESPÉCIES (13 registros)
-- --------------------------------------------------------
INSERT INTO ESPECIE (id_especie, nome_cientifico, familia, nome_popular) VALUES 
(1, 'Zea mays', 'Poaceae', 'Milho'),
(2, 'Phaseolus vulgaris', 'Fabaceae', 'Feijão'),
(3, 'Manihot esculenta', 'Euphorbiaceae', 'Mandioca'),
(4, 'Cucurbita moschata', 'Cucurbitaceae', 'Abóbora'),
(5, 'Oryza sativa', 'Poaceae', 'Arroz'),
(6, 'Ipomoea batatas', 'Convolvulaceae', 'Batata-doce'),
(7, 'Arachis hypogaea', 'Fabaceae', 'Amendoim'),
(8, 'Passiflora edulis', 'Passifloraceae', 'Maracujá'),
(9, 'Capsicum chinense', 'Solanaceae', 'Pimenta'),
(10, 'Dioscorea alata', 'Dioscoreaceae', 'Inhame'),
(11, 'Vigna unguiculata', 'Fabaceae', 'Feijão-caupi'),
(12, 'Solanum tuberosum', 'Solanaceae', 'Batata'),
(13, 'Bixa orellana', 'Bixaceae', 'Urucum');

-- --------------------------------------------------------
-- 4. USUÁRIOS (30 registros)
-- --------------------------------------------------------
INSERT INTO USUARIO (id_usuario, codigo, nome, email, perfil, telefone) VALUES 
(1, 'USR-01', 'João da Silva', 'joao@email.com', 'Agricultor', '11999010101'),
(2, 'USR-02', 'Maria Oliveira', 'maria@embrapa.br', 'Pesquisador', '61999020202'),
(3, 'USR-03', 'Carlos Mendes', 'carlos@coop.com', 'Agricultor', '31999030303'),
(4, 'USR-04', 'Ana Santos', 'ana@univ.edu.br', 'Pesquisador', '11999040404'),
(5, 'USR-05', 'Pedro Rocha', 'pedro@email.com', 'Agricultor', '41999050505'),
(6, 'USR-06', 'Luciana Costa', 'luciana@inst.org', 'Pesquisador', '21999060606'),
(7, 'USR-07', 'Fernando Alves', 'nando@terra.com', 'Agricultor', '81999070707'),
(8, 'USR-08', 'Juliana Lima', 'ju.lima@bio.com', 'Pesquisador', '51999080808'),
(9, 'USR-09', 'Roberto Dias', 'beto@rural.com', 'Agricultor', '71999090909'),
(10, 'USR-10', 'Camila Souza', 'camila@pesquisa.com', 'Pesquisador', '31999101010'),
(11, 'USR-11', 'Antônio Ferreira', 'tonho@sitio.com', 'Agricultor', '11999111111'),
(12, 'USR-12', 'Beatriz Ramos', 'bia@lab.com', 'Pesquisador', '61999121212'),
(13, 'USR-13', 'Marcos Pereira', 'marcos@agro.com', 'Agricultor', '45999131313'),
(14, 'USR-14', 'Sandra Carvalho', 'sandra@ong.org', 'Pesquisador', '31999141414'),
(15, 'USR-15', 'Paulo Gomes', 'paulo@vidarural.com', 'Agricultor', '91999151515'),
(16, 'USR-16', 'Fernanda Martins', 'nanda@ciencia.br', 'Pesquisador', '11999161616'),
(17, 'USR-17', 'Ricardo Nunes', 'rick@fazenda.com', 'Agricultor', '62999171717'),
(18, 'USR-18', 'Cláudia Barbosa', 'claudia@univ.br', 'Pesquisador', '85999181818'),
(19, 'USR-19', 'Gabriel Torres', 'gabriel@campo.com', 'Agricultor', '27999191919'),
(20, 'USR-20', 'Patrícia Araujo', 'paty@genetica.com', 'Pesquisador', '48999202020'),
(21, 'USR-21', 'Lucas Moreira', 'lucas@semente.com', 'Agricultor', '53999212121'),
(22, 'USR-22', 'Vanessa Ribeiro', 'vanessa@agroeco.org', 'Pesquisador', '19999222222'),
(23, 'USR-23', 'Eduardo Castro', 'edu@milho.com', 'Agricultor', '34999232323'),
(24, 'USR-24', 'Sônia Teixeira', 'sonia@rural.net', 'Agricultor', '98999242424'),
(25, 'USR-25', 'Renato Pinto', 'renato@terra.com', 'Agricultor', '82999252525'),
(26, 'USR-26', 'Eliane Cardoso', 'eliane@campo.com', 'Agricultor', '65999262626'),
(27, 'USR-27', 'Bruno Azevedo', 'bruno@sitio.com', 'Agricultor', '68999272727'),
(28, 'USR-28', 'Tatiane Correia', 'tati@roca.com', 'Agricultor', '63999282828'),
(29, 'USR-29', 'André Viana', 'andre@plantio.com', 'Agricultor', '79999292929'),
(30, 'USR-30', 'Marta Lopes', 'marta@colheita.com', 'Agricultor', '84999303030');

-- --------------------------------------------------------
-- 5. VARIEDADES (8 registros)
-- --------------------------------------------------------
INSERT INTO VARIEDADE (id_variedade, codigo, id_especie, nome_variedade, caracteristicas) VALUES 
(1, 'VAR-01', 1, 'Milho Crioulo Palha Roxa', 'Resistente à seca'), 
(2, 'VAR-02', 2, 'Feijão Carioca Precoce', 'Ciclo curto'),          
(3, 'VAR-03', 1, 'Milho Asteca', 'Espigas grandes'),
(4, 'VAR-04', 3, 'Mandioca Amarela de Mesa', 'Cozimento rápido'),
(5, 'VAR-05', 4, 'Abóbora Pescoço', 'Alta produtividade'),
(6, 'VAR-06', 5, 'Arroz Vermelho da Serra', 'Rico em ferro'),
(7, 'VAR-07', 2, 'Feijão Preto Nativo', 'Resistente a pragas'),
(8, 'VAR-08', 13, 'Urucum Vermelho Vivo', 'Alto teor de bixina');

-- --------------------------------------------------------
-- 6. GUARDIÕES (19 registros)
-- --------------------------------------------------------
INSERT INTO GUARDIAO (id_agricultor, id_usuario, id_comunidade, area_plantio) VALUES 
(1, 1, 1, 5.50), 
(2, 3, 2, 10.00),
(3, 5, 3, 2.00),
(4, 7, 4, 1.50),
(5, 9, 5, 8.00),
(6, 11, 6, 12.50),
(7, 13, 7, 4.00),
(8, 15, 8, 3.20),
(9, 17, 9, 6.00),
(10, 19, 10, 15.00),
(11, 21, 11, 2.50),
(12, 23, 12, 7.50),
(13, 24, 13, 1.00),
(14, 25, 14, 20.00),
(15, 26, 15, 0.50),
(16, 27, 16, 3.00),
(17, 28, 17, 1.80),
(18, 29, 18, 9.00),
(19, 30, 19, 4.50);

-- --------------------------------------------------------
-- 7. PESQUISADORES (11 registros)
-- --------------------------------------------------------
INSERT INTO PESQUISADOR (id_pesquisador, id_usuario, instituicao_vinculada) VALUES 
(1, 2, 1), 
(2, 4, 3),
(3, 6, 4),
(4, 8, 2),
(5, 10, 5),
(6, 12, 7),
(7, 14, 6),
(8, 16, 9),
(9, 18, 3),
(10, 20, 8),
(11, 22, 1);

-- --------------------------------------------------------
-- 8. BIOBANCOS (5 registros)
-- --------------------------------------------------------
INSERT INTO BIOBANCO (id_biobanco, codigo, nome, instituicao_responsavel) VALUES 
(1, 'BIO-01', 'Banco Germoplasma Sul', 1),
(2, 'BIO-02', 'Banco Sementes Comunitário', 2),
(3, 'BIO-03', 'Biobanco Central do Cerrado', 3),
(4, 'BIO-04', 'Banco de Sementes da Amazônia', 4),
(5, 'BIO-05', 'Reserva Genética do Nordeste', 9);

-- --------------------------------------------------------
-- 9. LOCALIZAÇÕES BIOBANCO (40 registros)
-- --------------------------------------------------------
INSERT INTO LOCALIZACAO_BIOBANCO (id_localizacao, id_biobanco, corredor, prateleira, caixa) VALUES 
(1, 1, 'A', '01', 'CX-01'),
(2, 1, 'A', '01', 'CX-02'),
(3, 1, 'A', '02', 'CX-03'),
(4, 1, 'A', '02', 'CX-04'),
(5, 1, 'B', '01', 'CX-05'),
(6, 1, 'B', '01', 'CX-06'),
(7, 2, 'A', '01', 'CX-07'),
(8, 2, 'A', '01', 'CX-08'),
(9, 2, 'A', '02', 'CX-09'),
(10, 2, 'A', '02', 'CX-10'),
(11, 2, 'C', '01', 'CX-11'),
(12, 2, 'C', '02', 'CX-12'),
(13, 3, 'A', '01', 'CX-13'),
(14, 3, 'A', '02', 'CX-14'),
(15, 3, 'B', '01', 'CX-15'),
(16, 3, 'B', '02', 'CX-16'),
(17, 3, 'C', '01', 'CX-17'),
(18, 3, 'C', '02', 'CX-18'),
(19, 3, 'D', '01', 'CX-19'),
(20, 3, 'D', '02', 'CX-20'),
(21, 4, 'A', '01', 'CX-21'),
(22, 4, 'A', '01', 'CX-22'),
(23, 4, 'B', '01', 'CX-23'),
(24, 4, 'B', '02', 'CX-24'),
(25, 4, 'C', '01', 'CX-25'),
(26, 4, 'C', '02', 'CX-26'),
(27, 4, 'D', '01', 'CX-27'),
(28, 4, 'D', '02', 'CX-28'),
(29, 5, 'A', '01', 'CX-29'),
(30, 5, 'A', '02', 'CX-30'),
(31, 5, 'B', '01', 'CX-31'),
(32, 5, 'B', '02', 'CX-32'),
(33, 5, 'C', '01', 'CX-33'),
(34, 5, 'C', '02', 'CX-34'),
(35, 5, 'D', '01', 'CX-35'),
(36, 5, 'D', '02', 'CX-36'),
(37, 5, 'E', '01', 'CX-37'),
(38, 5, 'E', '02', 'CX-38'),
(39, 5, 'F', '01', 'CX-39'),
(40, 5, 'F', '02', 'CX-40');

-- --------------------------------------------------------
-- 10. LOTES DE SEMENTE (28 registros)
-- --------------------------------------------------------
INSERT INTO LOTE_SEMENTE (id_lote, codigo, id_agricultor, id_variedade, quantidade, ano_colheita, origem_lote) VALUES 
(1, 'LOT-01', 1, 1, 50, 2023, 'Próprio'),
(2, 'LOT-02', 2, 2, 100, 2024, 'Troca'),
(3, 'LOT-03', 3, 3, 30, 2023, 'Próprio'),
(4, 'LOT-04', 4, 4, 20, 2024, 'Doação'),
(5, 'LOT-05', 5, 5, 60, 2023, 'Próprio'),
(6, 'LOT-06', 6, 6, 80, 2024, 'Troca'),
(7, 'LOT-07', 7, 7, 45, 2023, 'Próprio'),
(8, 'LOT-08', 8, 8, 15, 2024, 'Compra'),
(9, 'LOT-09', 9, 1, 55, 2023, 'Próprio'),
(10, 'LOT-10', 10, 2, 90, 2024, 'Troca'),
(11, 'LOT-11', 11, 3, 35, 2023, 'Próprio'),
(12, 'LOT-12', 12, 4, 25, 2024, 'Doação'),
(13, 'LOT-13', 13, 5, 65, 2023, 'Próprio'),
(14, 'LOT-14', 14, 6, 85, 2024, 'Troca'),
(15, 'LOT-15', 15, 7, 40, 2023, 'Próprio'),
(16, 'LOT-16', 16, 8, 10, 2024, 'Compra'),
(17, 'LOT-17', 17, 1, 52, 2023, 'Próprio'),
(18, 'LOT-18', 18, 2, 95, 2024, 'Troca'),
(19, 'LOT-19', 19, 3, 32, 2023, 'Próprio'),
(20, 'LOT-20', 1, 4, 22, 2024, 'Doação'),
(21, 'LOT-21', 2, 5, 62, 2023, 'Próprio'),
(22, 'LOT-22', 3, 6, 82, 2024, 'Troca'),
(23, 'LOT-23', 4, 7, 42, 2023, 'Próprio'),
(24, 'LOT-24', 5, 8, 12, 2024, 'Compra'),
(25, 'LOT-25', 6, 1, 58, 2023, 'Próprio'),
(26, 'LOT-26', 7, 2, 98, 2024, 'Troca'),
(27, 'LOT-27', 8, 3, 38, 2023, 'Próprio'),
(28, 'LOT-28', 9, 4, 28, 2024, 'Doação');

-- --------------------------------------------------------
-- 11. PLANTIOS (46 registros)
-- --------------------------------------------------------
INSERT INTO PLANTIO (id_plantio, codigo, id_lote, data_plantio, area_plantada) VALUES 
(1, 'PLT-01', 1, '2024-01-10', 2.0),
(2, 'PLT-02', 2, '2024-01-12', 5.0),
(3, 'PLT-03', 3, '2024-01-15', 1.5),
(4, 'PLT-04', 4, '2024-01-18', 0.5),
(5, 'PLT-05', 5, '2024-01-20', 3.0),
(6, 'PLT-06', 6, '2024-02-01', 4.0),
(7, 'PLT-07', 7, '2024-02-05', 2.5),
(8, 'PLT-08', 8, '2024-02-10', 0.8),
(9, 'PLT-09', 9, '2024-02-15', 2.2),
(10, 'PLT-10', 10, '2024-02-20', 5.5),
(11, 'PLT-11', 11, '2024-03-01', 1.8),
(12, 'PLT-12', 12, '2024-03-05', 0.6),
(13, 'PLT-13', 13, '2024-03-10', 3.2),
(14, 'PLT-14', 14, '2024-03-15', 4.2),
(15, 'PLT-15', 15, '2024-03-20', 2.0),
(16, 'PLT-16', 16, '2024-04-01', 0.4),
(17, 'PLT-17', 17, '2024-04-05', 2.1),
(18, 'PLT-18', 18, '2024-04-10', 5.2),
(19, 'PLT-19', 19, '2024-04-15', 1.6),
(20, 'PLT-20', 20, '2024-04-20', 0.7),
(21, 'PLT-21', 21, '2024-05-01', 3.1),
(22, 'PLT-22', 22, '2024-05-05', 4.1),
(23, 'PLT-23', 23, '2024-05-10', 2.3),
(24, 'PLT-24', 24, '2024-05-15', 0.5),
(25, 'PLT-25', 25, '2024-05-20', 2.4),
(26, 'PLT-26', 26, '2024-06-01', 5.4),
(27, 'PLT-27', 27, '2024-06-05', 1.7),
(28, 'PLT-28', 28, '2024-06-10', 0.9),
(29, 'PLT-29', 1, '2024-07-01', 2.0),
(30, 'PLT-30', 2, '2024-07-05', 5.0),
(31, 'PLT-31', 3, '2024-07-10', 1.5),
(32, 'PLT-32', 4, '2024-07-15', 0.5),
(33, 'PLT-33', 5, '2024-08-01', 3.0),
(34, 'PLT-34', 6, '2024-08-05', 4.0),
(35, 'PLT-35', 7, '2024-08-10', 2.5),
(36, 'PLT-36', 8, '2024-08-15', 0.8),
(37, 'PLT-37', 9, '2024-09-01', 2.2),
(38, 'PLT-38', 10, '2024-09-05', 5.5),
(39, 'PLT-39', 11, '2024-09-10', 1.8),
(40, 'PLT-40', 12, '2024-09-15', 0.6),
(41, 'PLT-41', 13, '2024-10-01', 3.2),
(42, 'PLT-42', 14, '2024-10-05', 4.2),
(43, 'PLT-43', 15, '2024-10-10', 2.0),
(44, 'PLT-44', 16, '2024-10-15', 0.4),
(45, 'PLT-45', 17, '2024-11-01', 2.1),
(46, 'PLT-46', 18, '2024-11-05', 5.2);

-- --------------------------------------------------------
-- 12. TROCAS (70 registros)
-- --------------------------------------------------------
INSERT INTO TROCA (id_troca, codigo, id_lote_origem, id_agricultor_origem, id_agricultor_destino, quantidade, data_troca) VALUES 
(1, 'TRC-01', 1, 1, 2, 5, '2024-01-15'),
(2, 'TRC-02', 2, 2, 3, 10, '2024-01-16'),
(3, 'TRC-03', 3, 3, 4, 2, '2024-01-17'),
(4, 'TRC-04', 4, 4, 5, 3, '2024-01-18'),
(5, 'TRC-05', 5, 5, 6, 6, '2024-01-19'),
(6, 'TRC-06', 6, 6, 7, 8, '2024-01-20'),
(7, 'TRC-07', 7, 7, 8, 4, '2024-01-21'),
(8, 'TRC-08', 8, 8, 9, 1, '2024-01-22'),
(9, 'TRC-09', 9, 9, 10, 5, '2024-01-23'),
(10, 'TRC-10', 10, 10, 11, 9, '2024-01-24'),
(11, 'TRC-11', 11, 11, 12, 3, '2024-01-25'),
(12, 'TRC-12', 12, 12, 13, 2, '2024-01-26'),
(13, 'TRC-13', 13, 13, 14, 6, '2024-01-27'),
(14, 'TRC-14', 14, 14, 15, 8, '2024-01-28'),
(15, 'TRC-15', 15, 15, 16, 4, '2024-01-29'),
(16, 'TRC-16', 16, 16, 17, 1, '2024-01-30'),
(17, 'TRC-17', 17, 17, 18, 5, '2024-02-01'),
(18, 'TRC-18', 18, 18, 19, 9, '2024-02-02'),
(19, 'TRC-19', 19, 19, 1, 3, '2024-02-03'),
(20, 'TRC-20', 20, 1, 3, 2, '2024-02-04'),
(21, 'TRC-21', 21, 2, 4, 6, '2024-02-05'),
(22, 'TRC-22', 22, 3, 5, 8, '2024-02-06'),
(23, 'TRC-23', 23, 4, 6, 4, '2024-02-07'),
(24, 'TRC-24', 24, 5, 7, 1, '2024-02-08'),
(25, 'TRC-25', 25, 6, 8, 5, '2024-02-09'),
(26, 'TRC-26', 26, 7, 9, 9, '2024-02-10'),
(27, 'TRC-27', 27, 8, 10, 3, '2024-02-11'),
(28, 'TRC-28', 28, 9, 11, 2, '2024-02-12'),
(29, 'TRC-29', 1, 10, 12, 5, '2024-02-13'),
(30, 'TRC-30', 2, 11, 13, 10, '2024-02-14'),
(31, 'TRC-31', 3, 12, 14, 2, '2024-02-15'),
(32, 'TRC-32', 4, 13, 15, 3, '2024-02-16'),
(33, 'TRC-33', 5, 14, 16, 6, '2024-02-17'),
(34, 'TRC-34', 6, 15, 17, 8, '2024-02-18'),
(35, 'TRC-35', 7, 16, 18, 4, '2024-02-19'),
(36, 'TRC-36', 8, 17, 19, 1, '2024-02-20'),
(37, 'TRC-37', 9, 18, 1, 5, '2024-02-21'),
(38, 'TRC-38', 10, 19, 2, 9, '2024-02-22'),
(39, 'TRC-39', 11, 1, 4, 3, '2024-02-23'),
(40, 'TRC-40', 12, 2, 5, 2, '2024-02-24'),
(41, 'TRC-41', 13, 3, 6, 6, '2024-02-25'),
(42, 'TRC-42', 14, 4, 7, 8, '2024-02-26'),
(43, 'TRC-43', 15, 5, 8, 4, '2024-02-27'),
(44, 'TRC-44', 16, 6, 9, 1, '2024-02-28'),
(45, 'TRC-45', 17, 7, 10, 5, '2024-03-01'),
(46, 'TRC-46', 18, 8, 11, 9, '2024-03-02'),
(47, 'TRC-47', 19, 9, 12, 3, '2024-03-03'),
(48, 'TRC-48', 20, 10, 13, 2, '2024-03-04'),
(49, 'TRC-49', 21, 11, 14, 6, '2024-03-05'),
(50, 'TRC-50', 22, 12, 15, 8, '2024-03-06'),
(51, 'TRC-51', 23, 13, 16, 4, '2024-03-07'),
(52, 'TRC-52', 24, 14, 17, 1, '2024-03-08'),
(53, 'TRC-53', 25, 15, 18, 5, '2024-03-09'),
(54, 'TRC-54', 26, 16, 19, 9, '2024-03-10'),
(55, 'TRC-55', 27, 17, 1, 3, '2024-03-11'),
(56, 'TRC-56', 28, 18, 2, 2, '2024-03-12'),
(57, 'TRC-57', 1, 19, 3, 5, '2024-03-13'),
(58, 'TRC-58', 2, 1, 5, 10, '2024-03-14'),
(59, 'TRC-59', 3, 2, 6, 2, '2024-03-15'),
(60, 'TRC-60', 4, 3, 7, 3, '2024-03-16'),
(61, 'TRC-61', 5, 4, 8, 6, '2024-03-17'),
(62, 'TRC-62', 6, 5, 9, 8, '2024-03-18'),
(63, 'TRC-63', 7, 6, 10, 4, '2024-03-19'),
(64, 'TRC-64', 8, 7, 11, 1, '2024-03-20'),
(65, 'TRC-65', 9, 8, 12, 5, '2024-03-21'),
(66, 'TRC-66', 10, 9, 13, 9, '2024-03-22'),
(67, 'TRC-67', 11, 10, 14, 3, '2024-03-23'),
(68, 'TRC-68', 12, 11, 15, 2, '2024-03-24'),
(69, 'TRC-69', 13, 12, 16, 6, '2024-03-25'),
(70, 'TRC-70', 14, 13, 17, 8, '2024-03-26');

-- --------------------------------------------------------
-- 13. AMOSTRAS (60 registros - Necessário para suportar as Análises)
-- --------------------------------------------------------
INSERT INTO AMOSTRA (id_amostra, codigo, id_pesquisador, id_especie, id_localizacao_atual, geolocalizacao, data_coleta, conservacao) VALUES 
(1, 'AMO-01', 1, 1, 1, '-23.55,-46.63', '2024-01-15', 'Freezer'),
(2, 'AMO-02', 2, 2, 2, '-22.55,-45.63', '2024-01-20', 'Câmara Fria'),
(3, 'AMO-03', 3, 3, 3, '-21.55,-44.63', '2024-01-25', 'Seco'),
(4, 'AMO-04', 4, 4, 4, '-20.55,-43.63', '2024-02-01', 'Freezer'),
(5, 'AMO-05', 5, 5, 5, '-19.55,-42.63', '2024-02-05', 'Câmara Fria'),
(6, 'AMO-06', 6, 6, 6, '-18.55,-41.63', '2024-02-10', 'Seco'),
(7, 'AMO-07', 7, 7, 7, '-17.55,-40.63', '2024-02-15', 'Freezer'),
(8, 'AMO-08', 8, 8, 8, '-16.55,-39.63', '2024-02-20', 'Câmara Fria'),
(9, 'AMO-09', 9, 9, 9, '-15.55,-38.63', '2024-03-01', 'Seco'),
(10, 'AMO-10', 10, 10, 10, '-14.55,-37.63', '2024-03-05', 'Freezer'),
(11, 'AMO-11', 11, 11, 11, '-13.55,-36.63', '2024-03-10', 'Câmara Fria'),
(12, 'AMO-12', 1, 12, 12, '-12.55,-35.63', '2024-03-15', 'Seco'),
(13, 'AMO-13', 2, 13, 13, '-11.55,-34.63', '2024-04-01', 'Freezer'),
(14, 'AMO-14', 3, 1, 14, '-10.55,-33.63', '2024-04-05', 'Câmara Fria'),
(15, 'AMO-15', 4, 2, 15, '-09.55,-32.63', '2024-04-10', 'Seco'),
(16, 'AMO-16', 5, 3, 16, '-08.55,-31.63', '2024-04-15', 'Freezer'),
(17, 'AMO-17', 6, 4, 17, '-07.55,-30.63', '2024-05-01', 'Câmara Fria'),
(18, 'AMO-18', 7, 5, 18, '-06.55,-29.63', '2024-05-05', 'Seco'),
(19, 'AMO-19', 8, 6, 19, '-05.55,-28.63', '2024-05-10', 'Freezer'),
(20, 'AMO-20', 9, 7, 20, '-04.55,-27.63', '2024-05-15', 'Câmara Fria'),
(21, 'AMO-21', 10, 8, 21, '-03.55,-26.63', '2024-06-01', 'Seco'),
(22, 'AMO-22', 11, 9, 22, '-02.55,-25.63', '2024-06-05', 'Freezer'),
(23, 'AMO-23', 1, 10, 23, '-01.55,-24.63', '2024-06-10', 'Câmara Fria'),
(24, 'AMO-24', 2, 11, 24, '00.55,-23.63', '2024-06-15', 'Seco'),
(25, 'AMO-25', 3, 12, 25, '01.55,-22.63', '2024-07-01', 'Freezer'),
(26, 'AMO-26', 4, 13, 26, '02.55,-21.63', '2024-07-05', 'Câmara Fria'),
(27, 'AMO-27', 5, 1, 27, '03.55,-20.63', '2024-07-10', 'Seco'),
(28, 'AMO-28', 6, 2, 28, '04.55,-19.63', '2024-07-15', 'Freezer'),
(29, 'AMO-29', 7, 3, 29, '05.55,-18.63', '2024-08-01', 'Câmara Fria'),
(30, 'AMO-30', 8, 4, 30, '06.55,-17.63', '2024-08-05', 'Seco'),
(31, 'AMO-31', 9, 5, 31, '07.55,-16.63', '2024-08-10', 'Freezer'),
(32, 'AMO-32', 10, 6, 32, '08.55,-15.63', '2024-08-15', 'Câmara Fria'),
(33, 'AMO-33', 11, 7, 33, '09.55,-14.63', '2024-09-01', 'Seco'),
(34, 'AMO-34', 1, 8, 34, '10.55,-13.63', '2024-09-05', 'Freezer'),
(35, 'AMO-35', 2, 9, 35, '11.55,-12.63', '2024-09-10', 'Câmara Fria'),
(36, 'AMO-36', 3, 10, 36, '12.55,-11.63', '2024-09-15', 'Seco'),
(37, 'AMO-37', 4, 11, 37, '13.55,-10.63', '2024-10-01', 'Freezer'),
(38, 'AMO-38', 5, 12, 38, '14.55,-09.63', '2024-10-05', 'Câmara Fria'),
(39, 'AMO-39', 6, 13, 39, '15.55,-08.63', '2024-10-10', 'Seco'),
(40, 'AMO-40', 7, 1, 40, '16.55,-07.63', '2024-10-15', 'Freezer'),
(41, 'AMO-41', 8, 2, 1, '17.55,-06.63', '2024-11-01', 'Câmara Fria'),
(42, 'AMO-42', 9, 3, 2, '18.55,-05.63', '2024-11-05', 'Seco'),
(43, 'AMO-43', 10, 4, 3, '19.55,-04.63', '2024-11-10', 'Freezer'),
(44, 'AMO-44', 11, 5, 4, '20.55,-03.63', '2024-11-15', 'Câmara Fria'),
(45, 'AMO-45', 1, 6, 5, '21.55,-02.63', '2024-12-01', 'Seco'),
(46, 'AMO-46', 2, 7, 6, '22.55,-01.63', '2024-12-05', 'Freezer'),
(47, 'AMO-47', 3, 8, 7, '23.55,00.63', '2024-12-10', 'Câmara Fria'),
(48, 'AMO-48', 4, 9, 8, '24.55,01.63', '2024-12-15', 'Seco'),
(49, 'AMO-49', 5, 10, 9, '25.55,02.63', '2024-12-20', 'Freezer'),
(50, 'AMO-50', 6, 11, 10, '26.55,03.63', '2024-12-25', 'Câmara Fria'),
(51, 'AMO-51', 7, 12, 11, '27.55,04.63', '2024-12-26', 'Seco'),
(52, 'AMO-52', 8, 13, 12, '28.55,05.63', '2024-12-27', 'Freezer'),
(53, 'AMO-53', 9, 1, 13, '29.55,06.63', '2024-12-28', 'Câmara Fria'),
(54, 'AMO-54', 10, 2, 14, '30.55,07.63', '2024-12-29', 'Seco'),
(55, 'AMO-55', 11, 3, 15, '31.55,08.63', '2024-12-30', 'Freezer'),
(56, 'AMO-56', 1, 4, 16, '32.55,09.63', '2024-12-31', 'Câmara Fria'),
(57, 'AMO-57', 2, 5, 17, '33.55,10.63', '2025-01-01', 'Seco'),
(58, 'AMO-58', 3, 6, 18, '34.55,11.63', '2025-01-02', 'Freezer'),
(59, 'AMO-59', 4, 7, 19, '35.55,12.63', '2025-01-03', 'Câmara Fria'),
(60, 'AMO-60', 5, 8, 20, '36.55,13.63', '2025-01-04', 'Seco');

-- --------------------------------------------------------
-- 14. ANÁLISES LABORATORIAIS (77 registros)
-- --------------------------------------------------------
INSERT INTO ANALISE_LABORATORIAL (id_analise, codigo, id_amostra, tipo_analise, resultado, data_analise) VALUES 
(1, 'LAB-01', 1, 'Germinação', '90%', '2024-01-20'),
(2, 'LAB-02', 1, 'Pureza', 'Alta', '2024-01-21'),
(3, 'LAB-03', 2, 'Germinação', '85%', '2024-01-25'),
(4, 'LAB-04', 2, 'DNA', 'Confirma Espécie', '2024-01-26'),
(5, 'LAB-05', 3, 'Umidade', '12%', '2024-01-30'),
(6, 'LAB-06', 3, 'Germinação', '88%', '2024-01-31'),
(7, 'LAB-07', 4, 'Germinação', '92%', '2024-02-05'),
(8, 'LAB-08', 4, 'Patologia', 'Negativo', '2024-02-06'),
(9, 'LAB-09', 5, 'Germinação', '95%', '2024-02-10'),
(10, 'LAB-10', 5, 'Pureza', 'Média', '2024-02-11'),
(11, 'LAB-11', 6, 'Umidade', '10%', '2024-02-15'),
(12, 'LAB-12', 6, 'Germinação', '80%', '2024-02-16'),
(13, 'LAB-13', 7, 'Germinação', '98%', '2024-02-20'),
(14, 'LAB-14', 7, 'DNA', 'Puro', '2024-02-21'),
(15, 'LAB-15', 8, 'Germinação', '89%', '2024-02-25'),
(16, 'LAB-16', 8, 'Patologia', 'Livre de vírus', '2024-02-26'),
(17, 'LAB-17', 9, 'Umidade', '14%', '2024-03-05'),
(18, 'LAB-18', 9, 'Germinação', '87%', '2024-03-06'),
(19, 'LAB-19', 10, 'Germinação', '91%', '2024-03-10'),
(20, 'LAB-20', 10, 'Pureza', 'Alta', '2024-03-11'),
(21, 'LAB-21', 11, 'Germinação', '93%', '2024-03-15'),
(22, 'LAB-22', 11, 'DNA', 'Transgênico', '2024-03-16'),
(23, 'LAB-23', 12, 'Umidade', '11%', '2024-03-20'),
(24, 'LAB-24', 12, 'Germinação', '86%', '2024-03-21'),
(25, 'LAB-25', 13, 'Germinação', '94%', '2024-04-05'),
(26, 'LAB-26', 13, 'Patologia', 'Fungo detectado', '2024-04-06'),
(27, 'LAB-27', 14, 'Germinação', '96%', '2024-04-10'),
(28, 'LAB-28', 14, 'Pureza', 'Alta', '2024-04-11'),
(29, 'LAB-29', 15, 'Umidade', '13%', '2024-04-15'),
(30, 'LAB-30', 15, 'Germinação', '82%', '2024-04-16'),
(31, 'LAB-31', 16, 'Germinação', '90%', '2024-04-20'),
(32, 'LAB-32', 16, 'DNA', 'Nativo', '2024-04-21'),
(33, 'LAB-33', 17, 'Germinação', '85%', '2024-05-05'),
(34, 'LAB-34', 17, 'Patologia', 'Negativo', '2024-05-06'),
(35, 'LAB-35', 18, 'Umidade', '12%', '2024-05-10'),
(36, 'LAB-36', 18, 'Germinação', '88%', '2024-05-11'),
(37, 'LAB-37', 19, 'Germinação', '92%', '2024-05-15'),
(38, 'LAB-38', 19, 'Pureza', 'Média', '2024-05-16'),
(39, 'LAB-39', 20, 'Germinação', '95%', '2024-05-20'),
(40, 'LAB-40', 20, 'DNA', 'Puro', '2024-05-21'),
(41, 'LAB-41', 21, 'Umidade', '10%', '2024-06-05'),
(42, 'LAB-42', 21, 'Germinação', '80%', '2024-06-06'),
(43, 'LAB-43', 22, 'Germinação', '98%', '2024-06-10'),
(44, 'LAB-44', 22, 'Patologia', 'Livre de vírus', '2024-06-11'),
(45, 'LAB-45', 23, 'Germinação', '89%', '2024-06-15'),
(46, 'LAB-46', 23, 'Pureza', 'Alta', '2024-06-16'),
(47, 'LAB-47', 24, 'Umidade', '14%', '2024-06-20'),
(48, 'LAB-48', 24, 'Germinação', '87%', '2024-06-21'),
(49, 'LAB-49', 25, 'Germinação', '91%', '2024-07-05'),
(50, 'LAB-50', 25, 'DNA', 'Confirma Espécie', '2024-07-06'),
(51, 'LAB-51', 26, 'Germinação', '93%', '2024-07-10'),
(52, 'LAB-52', 26, 'Patologia', 'Negativo', '2024-07-11'),
(53, 'LAB-53', 27, 'Umidade', '11%', '2024-07-15'),
(54, 'LAB-54', 27, 'Germinação', '86%', '2024-07-16'),
(55, 'LAB-55', 28, 'Germinação', '94%', '2024-07-20'),
(56, 'LAB-56', 28, 'Pureza', 'Alta', '2024-07-21'),
(57, 'LAB-57', 29, 'Germinação', '96%', '2024-08-05'),
(58, 'LAB-58', 29, 'DNA', 'Transgênico', '2024-08-06'),
(59, 'LAB-59', 30, 'Umidade', '13%', '2024-08-10'),
(60, 'LAB-60', 30, 'Germinação', '82%', '2024-08-11'),
(61, 'LAB-61', 31, 'Germinação', '90%', '2024-08-15'),
(62, 'LAB-62', 31, 'Patologia', 'Fungo detectado', '2024-08-16'),
(63, 'LAB-63', 32, 'Germinação', '85%', '2024-08-20'),
(64, 'LAB-64', 32, 'Pureza', 'Média', '2024-08-21'),
(65, 'LAB-65', 33, 'Umidade', '12%', '2024-09-05'),
(66, 'LAB-66', 33, 'Germinação', '88%', '2024-09-06'),
(67, 'LAB-67', 34, 'Germinação', '92%', '2024-09-10'),
(68, 'LAB-68', 34, 'DNA', 'Nativo', '2024-09-11'),
(69, 'LAB-69', 35, 'Germinação', '95%', '2024-09-15'),
(70, 'LAB-70', 35, 'Patologia', 'Negativo', '2024-09-16'),
(71, 'LAB-71', 36, 'Umidade', '10%', '2024-09-20'),
(72, 'LAB-72', 36, 'Germinação', '80%', '2024-09-21'),
(73, 'LAB-73', 37, 'Germinação', '98%', '2024-10-05'),
(74, 'LAB-74', 37, 'Pureza', 'Alta', '2024-10-06'),
(75, 'LAB-75', 38, 'Germinação', '89%', '2024-10-10'),
(76, 'LAB-76', 38, 'DNA', 'Puro', '2024-10-11'),
(77, 'LAB-77', 39, 'Umidade', '14%', '2024-10-15');

-- --------------------------------------------------------
-- 15. MOVIMENTAÇÕES (33 registros)
-- --------------------------------------------------------
INSERT INTO MOVIMENTACAO (id_movimentacao, id_amostra, id_localizacao, tipo_movimentacao, data_movimentacao) VALUES 
(1, 1, 1, 'Entrada', '2024-01-15'),
(2, 2, 2, 'Entrada', '2024-01-20'),
(3, 3, 3, 'Entrada', '2024-01-25'),
(4, 4, 4, 'Entrada', '2024-02-01'),
(5, 5, 5, 'Entrada', '2024-02-05'),
(6, 6, 6, 'Entrada', '2024-02-10'),
(7, 7, 7, 'Entrada', '2024-02-15'),
(8, 8, 8, 'Entrada', '2024-02-20'),
(9, 9, 9, 'Entrada', '2024-03-01'),
(10, 10, 10, 'Entrada', '2024-03-05'),
(11, 1, 1, 'Saída para Análise', '2024-03-10'),
(12, 1, 1, 'Retorno de Análise', '2024-03-12'),
(13, 2, 2, 'Saída para Análise', '2024-03-15'),
(14, 2, 2, 'Retorno de Análise', '2024-03-17'),
(15, 3, 3, 'Transferência Interna', '2024-03-20'),
(16, 4, 4, 'Saída para Análise', '2024-03-25'),
(17, 4, 4, 'Retorno de Análise', '2024-03-27'),
(18, 5, 5, 'Descarte Parcial', '2024-04-01'),
(19, 6, 6, 'Saída para Análise', '2024-04-05'),
(20, 6, 6, 'Retorno de Análise', '2024-04-07'),
(21, 7, 7, 'Transferência Interna', '2024-04-10'),
(22, 8, 8, 'Saída para Análise', '2024-04-15'),
(23, 8, 8, 'Retorno de Análise', '2024-04-17'),
(24, 9, 9, 'Descarte Parcial', '2024-05-01'),
(25, 10, 10, 'Saída para Análise', '2024-05-05'),
(26, 10, 10, 'Retorno de Análise', '2024-05-07'),
(27, 11, 11, 'Entrada', '2024-05-10'),
(28, 12, 12, 'Entrada', '2024-05-15'),
(29, 13, 13, 'Entrada', '2024-05-20'),
(30, 14, 14, 'Entrada', '2024-05-25'),
(31, 15, 15, 'Entrada', '2024-06-01'),
(32, 16, 16, 'Entrada', '2024-06-05'),
(33, 17, 17, 'Entrada', '2024-06-10');